Date,Open Price,High Price,Low Price,Close Price,WAP,No.of Shares,No. of Trades,Total Turnover (Rs.),Deliverable Quantity,% Deli. Qty to Traded Qty,Spread High-Low,Spread Close-Open
1-January-2021,123.70,124.80,123.45,123.60,124.031499202551834130,2508,125,311071.00,1289,51.40,1.35,-0.10
31-December-2020,123.85,126.45,123.25,123.95,124.747368898566503356,22044,623,2749931.00,12282,55.72,3.20,0.10
30-December-2020,120.85,123.05,119.65,121.80,120.579126730564430244,4695,149,566119.00,3152,67.14,3.40,0.95
29-December-2020,120.20,122.50,119.45,121.55,121.199692255086339545,5849,287,708897.00,1797,30.72,3.05,1.35
28-December-2020,120.10,121.50,117.80,120.50,119.660670788832677534,5337,265,638629.00,3784,70.90,3.70,0.40
24-December-2020,125.90,125.90,117.35,118.50,119.559636118598382749,5936,207,709706.00,3467,58.41,8.55,-7.40
23-December-2020,119.00,120.60,117.45,118.90,119.043451652386780905,13072,527,1556136.00,8422,64.43,3.15,-0.10
22-December-2020,115.00,118.40,108.30,117.05,114.093865968129229425,9162,362,1045328.00,5497,60.00,10.10,2.05
21-December-2020,126.55,127.45,113.05,115.55,120.332785268003946070,9123,364,1097796.00,5543,60.76,14.40,-11.00
18-December-2020,130.00,130.55,126.20,126.75,127.644335511982570806,11016,325,1406130.00,4981,45.22,4.35,-3.25
17-December-2020,125.05,129.00,125.05,125.60,127.021465452224865115,17237,704,2189469.00,11991,69.57,3.95,0.55
16-December-2020,128.10,128.35,125.50,125.80,126.625657559816731715,5893,311,746205.00,3674,62.35,2.85,-2.30
15-December-2020,131.60,132.00,126.85,127.25,129.008424908424908424,16380,397,2113158.00,7454,45.51,5.15,-4.35
14-December-2020,127.00,128.00,125.15,125.55,126.194436223734832790,3379,133,426411.00,2160,63.92,2.85,-1.45
11-December-2020,131.00,131.50,125.00,126.10,128.075882694282015801,22403,794,2869284.00,11660,52.05,6.50,-4.90
10-December-2020,123.15,130.45,123.15,128.95,127.323957546084842112,30433,1344,3874850.00,20699,68.01,7.30,5.80
9-December-2020,129.50,134.70,125.85,131.60,131.648332093912673961,112956,3223,14870469.00,57545,50.94,8.85,2.10
8-December-2020,126.80,127.20,120.50,123.65,123.653416149068322981,9660,344,1194492.00,5812,60.17,6.70,-3.15
7-December-2020,118.30,126.90,118.00,125.80,122.258435473948227722,21131,946,2583443.00,11744,55.58,8.90,7.50
4-December-2020,118.30,118.55,115.45,115.75,116.553160571566965366,4129,203,481248.00,2544,61.61,3.10,-2.55
3-December-2020,116.70,119.50,115.40,116.50,117.219859620148637489,4844,218,567813.00,2411,49.77,4.10,-0.20
2-December-2020,117.10,118.00,113.70,115.45,115.937849318131008271,8946,320,1037180.00,6589,73.65,4.30,-1.65
1-December-2020,116.35,118.90,116.10,117.05,117.383153064568993772,3051,146,358136.00,1640,53.75,2.80,0.70
27-November-2020,113.45,123.90,112.90,117.50,118.821856054717861029,64330,1544,7643810.00,30594,47.56,11.00,4.05
26-November-2020,117.70,117.70,111.00,114.70,114.888380603842634949,5465,197,627865.00,2498,45.71,6.70,-3.00
25-November-2020,115.00,115.00,111.70,114.20,114.098978911180666016,19489,688,2223675.00,12382,63.53,3.30,-0.80
24-November-2020,112.40,114.60,112.30,114.05,113.181444991789819376,1218,69,137855.00,903,74.14,2.30,1.65
23-November-2020,115.00,115.00,110.80,111.75,112.473970944309927360,6608,310,743228.00,4109,62.18,4.20,-3.25
20-November-2020,113.00,113.60,111.55,112.00,112.239679605668515095,1623,91,182165.00,1154,71.10,2.05,-1.00
19-November-2020,113.00,114.80,111.75,111.80,113.513801585132549877,3659,160,415347.00,2046,55.92,3.05,-1.20
18-November-2020,112.00,113.80,111.35,112.70,112.771762870514820592,6410,267,722867.00,4428,69.08,2.45,0.70
17-November-2020,118.00,118.00,111.95,112.50,113.119548872180451127,3990,194,451347.00,3476,87.12,6.05,-5.50
14-November-2020,108.10,115.00,108.10,114.55,114.239054525919957023,3723,145,425312.00,2883,77.44,6.90,6.45
13-November-2020,115.90,117.40,114.10,114.55,115.392697252228200599,24347,658,2809466.00,9342,38.37,3.30,-1.35
12-November-2020,110.45,114.70,109.65,111.95,111.910420886788206167,4443,275,497218.00,1795,40.40,5.05,1.50
11-November-2020,113.25,113.25,108.50,109.20,109.527498063516653756,2582,110,282800.00,1571,60.84,4.75,-4.05
10-November-2020,108.00,111.10,108.00,109.40,109.452971271153089334,10164,575,1112480.00,5792,56.99,3.10,1.40
9-November-2020,112.45,112.45,107.75,108.50,109.945260615818072046,4969,232,546318.00,3838,77.24,4.70,-3.95
6-November-2020,115.85,116.50,111.00,111.55,113.161057751660452828,40501,1476,4583136.00,23305,57.54,5.50,-4.30
5-November-2020,101.40,118.70,101.35,116.00,113.527505866179990993,84382,2752,9579678.00,45244,53.62,17.35,14.60
4-November-2020,97.00,101.65,97.00,100.55,100.079194808634617931,7551,307,755698.00,3622,47.97,4.65,3.55
3-November-2020,103.25,103.25,99.50,100.10,100.732553099263112267,2307,189,232390.00,1517,65.76,3.75,-3.15
2-November-2020,104.70,104.70,101.95,102.40,103.096215522771007055,1559,110,160727.00,1054,67.61,2.75,-2.30
30-October-2020,105.40,107.05,104.50,105.00,105.432909470487758587,5269,258,555526.00,2721,51.64,2.55,-0.40
29-October-2020,105.85,107.00,104.95,105.10,106.235944700460829493,1085,91,115266.00,768,70.78,2.05,-0.75
28-October-2020,108.15,108.15,105.85,106.00,106.481733220050977060,1177,83,125329.00,800,67.97,2.30,-2.15
27-October-2020,109.90,109.90,107.00,107.70,107.551031200423056583,3782,192,406758.00,3093,81.78,2.90,-2.20
26-October-2020,105.40,109.95,105.40,108.30,108.027013025458851391,13512,358,1459661.00,7691,56.92,4.55,2.90
23-October-2020,109.20,109.60,108.60,108.80,109.065082059988681380,3534,134,385436.00,2367,66.98,1.00,-0.40
22-October-2020,109.60,109.75,108.10,108.40,108.931277533039647577,3405,110,370911.00,2885,84.73,1.65,-1.20
21-October-2020,113.40,113.40,108.30,109.10,109.519739519739519739,2457,129,269090.00,1413,57.51,5.10,-4.30
20-October-2020,112.85,112.85,108.95,109.10,109.550665054413542926,4135,129,452992.00,3695,89.36,3.90,-3.75
19-October-2020,109.00,112.60,109.00,110.35,111.271544859316935055,11302,471,1257591.00,7691,68.05,3.60,1.35
16-October-2020,108.00,111.00,108.00,108.95,109.207818109293976864,7521,331,821352.00,3891,51.74,3.00,0.95
15-October-2020,111.90,111.90,108.50,108.70,109.652884294764921640,2999,157,328849.00,2187,72.92,3.40,-3.20
14-October-2020,113.70,114.00,111.45,111.75,112.262993467764839534,3521,129,395278.00,1996,56.69,2.55,-1.95
13-October-2020,115.00,115.00,111.10,111.90,112.086705202312138728,8650,371,969550.00,5513,63.73,3.90,-3.10
12-October-2020,116.95,116.95,111.85,112.45,113.009641458270563422,6638,301,750158.00,4935,74.34,5.10,-4.50
9-October-2020,115.10,116.00,113.25,114.25,114.913970210580380071,3894,212,447475.00,2105,54.06,2.75,-0.85
8-October-2020,114.40,114.40,112.40,112.80,113.216993131518697532,3931,186,445056.00,2865,72.88,2.00,-1.60
7-October-2020,114.20,115.60,113.45,113.60,114.385127635960044395,901,58,103061.00,465,51.61,2.15,-0.60
6-October-2020,113.60,116.55,113.60,114.95,115.217520858164481525,3356,177,386670.00,2674,79.68,2.95,1.35
5-October-2020,116.30,117.50,113.50,115.25,115.272783441458140253,6474,308,746276.00,4048,62.53,4.00,-1.05
1-October-2020,115.75,117.50,114.30,115.00,115.101509550215650030,6492,155,747239.00,3181,49.00,3.20,-0.75
30-September-2020,119.80,119.80,114.00,114.30,114.933979858261842596,2681,128,308138.00,968,36.11,5.80,-5.50
29-September-2020,119.60,120.35,114.30,115.35,117.614773396115361977,3398,126,399655.00,2107,62.01,6.05,-4.25
28-September-2020,120.00,120.00,116.15,117.25,117.472072072072072072,6660,329,782364.00,4002,60.09,3.85,-2.75
25-September-2020,116.85,117.15,111.60,114.20,114.080029189978107516,4111,159,468983.00,2591,63.03,5.55,-2.65
24-September-2020,105.30,114.05,105.30,110.55,111.494685767097966728,8656,467,965098.00,6331,73.14,8.75,5.25
23-September-2020,115.00,117.95,113.70,114.65,115.192270531400966183,5175,215,596120.00,3662,70.76,4.25,-0.35
22-September-2020,117.65,117.70,109.40,114.20,113.311652223059532780,21232,847,2405833.00,14409,67.86,8.30,-3.45
21-September-2020,126.00,129.40,116.00,117.50,121.186222896404033193,11207,593,1358134.00,6757,60.29,13.40,-8.50
18-September-2020,114.00,131.75,113.50,126.95,128.156874027662340430,93846,3240,12027010.00,32013,34.11,18.25,12.95
17-September-2020,113.95,116.60,113.95,114.85,115.474823137744486059,7209,267,832458.00,5745,79.69,2.65,0.90
16-September-2020,117.90,118.50,115.25,117.30,116.616872984500156038,9613,371,1121038.00,5671,58.99,3.25,-0.60
15-September-2020,118.15,118.15,116.30,117.05,116.781971830985915492,1775,82,207288.00,1195,67.32,1.85,-1.10
14-September-2020,116.75,119.00,115.30,117.05,117.354960127591706539,15675,511,1839539.00,10599,67.62,3.70,0.30
11-September-2020,114.60,115.45,113.95,115.05,114.620613429124067421,3619,139,414812.00,2224,61.45,1.50,0.45
10-September-2020,118.00,118.00,113.80,114.25,114.560561467059089880,4417,187,506014.00,2661,60.24,4.20,-3.75
9-September-2020,114.00,114.85,107.80,112.75,111.368527295067579427,22788,887,2537866.00,12404,54.43,7.05,-1.25
8-September-2020,118.00,118.00,114.05,114.95,115.593211369821590565,13228,516,1529067.00,7556,57.12,3.95,-3.05
7-September-2020,118.55,119.40,116.75,117.45,117.740625000000000000,1920,87,226062.00,1366,71.15,2.65,-1.10
4-September-2020,119.50,119.50,115.80,117.55,118.124304267161410018,2695,141,318345.00,1844,68.42,3.70,-1.95
3-September-2020,121.00,121.45,119.25,119.70,120.522158209616662973,9026,324,1087833.00,7038,77.97,2.20,-1.30
2-September-2020,122.50,123.35,118.00,120.20,120.604423064909102267,16007,468,1930515.00,9485,59.26,5.35,-2.30
1-September-2020,113.00,122.25,113.00,118.45,119.247360187719984356,15342,505,1829493.00,9291,60.56,9.25,5.45
31-August-2020,129.20,129.20,119.90,121.15,123.385964303076602541,28798,604,3553269.00,16870,58.58,9.30,-8.05
28-August-2020,132.50,133.40,129.00,129.20,130.706837716897917136,62126,1796,8120293.00,33728,54.29,4.40,-3.30
27-August-2020,129.35,131.10,127.15,128.35,129.502227761333541050,32095,895,4156374.00,18984,59.15,3.95,-1.00
26-August-2020,126.00,131.50,124.50,128.25,128.399319474223920947,21454,511,2754679.00,9718,45.30,7.00,2.25
25-August-2020,126.50,127.30,123.00,124.30,125.649546827794561933,9268,255,1164520.00,5212,56.24,4.30,-2.20
24-August-2020,128.00,128.50,125.25,126.25,126.644835081750307154,10581,254,1340029.00,5663,53.52,3.25,-1.75
21-August-2020,128.10,129.20,125.35,126.50,128.127103204372521701,27993,1243,3586662.00,21957,78.44,3.85,-1.60
20-August-2020,132.00,132.00,127.00,127.50,128.137699923838537699,6565,288,841224.00,3553,54.12,5.00,-4.50
19-August-2020,131.00,133.00,125.75,128.70,130.118407658100119657,55993,1048,7285720.00,36621,65.40,7.25,-2.30
18-August-2020,128.25,129.35,126.80,127.10,127.449022213783937725,10534,280,1342548.00,4347,41.27,2.55,-1.15
17-August-2020,130.00,130.00,126.60,127.30,127.980906385129443477,17807,533,2278956.00,9728,54.63,3.40,-2.70
14-August-2020,133.50,133.50,126.35,128.25,129.290363399106330815,25289,654,3269624.00,10280,40.65,7.15,-5.25
13-August-2020,130.80,134.00,127.75,132.45,131.873301925627772949,109315,2610,14415730.00,55388,50.67,6.25,1.65
12-August-2020,128.00,130.80,125.75,128.10,128.541152668109140978,35587,747,4574394.00,12957,36.41,5.05,0.10
11-August-2020,132.30,132.30,126.00,126.45,127.093029538904899135,11104,325,1411241.00,4525,40.75,6.30,-5.85
10-August-2020,130.20,132.00,127.05,128.35,129.765477663301693576,96187,2445,12481752.00,53508,55.63,4.95,-1.85
7-August-2020,122.75,126.35,122.75,123.85,124.198472885933928942,19252,582,2391069.00,7448,38.69,3.60,1.10
6-August-2020,127.10,127.10,122.35,122.60,123.660345108253296434,24572,649,3038582.00,10596,43.12,4.75,-4.50
5-August-2020,128.30,128.30,123.00,123.30,124.805538104673077852,20693,611,2582601.00,8368,40.44,5.30,-5.00
4-August-2020,125.00,128.30,124.75,125.50,126.056924725421912670,29864,969,3764564.00,8310,27.83,3.55,0.50
3-August-2020,123.20,125.60,120.55,122.60,122.798534045759693108,29196,917,3585226.00,13394,45.88,5.05,-0.60
31-July-2020,122.90,126.95,118.00,123.20,123.668166508111999588,38893,1209,4809826.00,12818,32.96,8.95,0.30
30-July-2020,124.95,124.95,120.40,120.95,122.018484467240878738,20666,744,2521634.00,9007,43.58,4.55,-4.00
29-July-2020,136.00,136.80,125.10,126.20,131.231262220291114490,266974,5126,35035335.00,165003,61.80,11.70,-9.80
28-July-2020,113.00,136.00,113.00,133.30,130.796497016406541995,155182,2622,20297262.00,92155,59.39,23.00,20.30
27-July-2020,120.70,120.70,113.25,113.60,114.273523985239852398,15176,316,1734215.00,7622,50.22,7.45,-7.10
24-July-2020,121.00,121.00,114.00,117.60,117.288091282251759186,40928,990,4800367.00,19666,48.05,7.00,-3.40
23-July-2020,115.50,124.45,114.25,122.00,120.844015571029113438,54717,1336,6612222.00,20438,37.35,10.20,6.50
22-July-2020,115.00,119.50,111.95,114.25,115.900403394074280150,21567,960,2499624.00,5788,26.84,7.55,-0.75
21-July-2020,117.00,117.45,113.25,113.75,115.063286342276792481,13194,395,1518145.00,8659,65.63,4.20,-3.25
20-July-2020,119.40,119.40,114.55,115.90,116.259099993943431651,16511,517,1919554.00,6105,36.98,4.85,-3.50
17-July-2020,109.05,120.80,109.05,118.90,117.360024812185540009,72545,1877,8513883.00,17831,24.58,11.75,9.85
16-July-2020,114.00,114.00,104.05,110.45,108.895418657536346679,78274,2034,8523680.00,30784,39.33,9.95,-3.55
15-July-2020,125.80,125.80,112.00,112.85,118.326918935353509760,78937,2381,9340372.00,28160,35.67,13.80,-12.95
14-July-2020,123.60,142.70,123.00,125.05,130.381450480503562097,638809,13977,83288844.00,186414,29.18,19.70,1.45
13-July-2020,106.10,124.00,105.10,119.90,115.389322392765505550,151607,4606,17493829.00,86405,56.99,18.90,13.80
10-July-2020,106.30,108.50,105.95,106.10,106.986412492395051713,4931,331,527550.00,2635,53.44,2.55,-0.20
9-July-2020,104.50,107.35,104.50,106.25,106.270427350427350427,2925,184,310841.00,2018,68.99,2.85,1.75
8-July-2020,108.20,111.85,106.40,107.45,109.849909584086799276,7742,297,850458.00,5299,68.44,5.45,-0.75
7-July-2020,112.90,112.90,105.60,107.40,107.580896686159844054,7182,301,772646.00,4511,62.81,7.30,-5.50
6-July-2020,115.00,116.05,107.10,109.95,112.274907288203985166,52043,1273,5843123.00,34558,66.40,8.95,-5.05
3-July-2020,105.60,118.10,105.00,113.30,113.093483279327360908,47217,1906,5339935.00,18619,39.43,13.10,7.70
2-July-2020,104.00,104.80,101.60,102.35,103.109751895244658855,5804,419,598449.00,3419,58.91,3.20,-1.65
1-July-2020,108.60,108.60,102.00,102.70,103.631704860236716192,7942,353,823043.00,4613,58.08,6.60,-5.90
30-June-2020,102.10,109.85,102.10,104.15,105.562946150748618076,27317,920,2883663.00,15213,55.69,7.75,2.05
29-June-2020,109.75,111.95,100.00,101.80,103.330693537425016991,33841,802,3496814.00,23759,70.21,11.95,-7.95
26-June-2020,112.95,114.00,109.10,109.75,111.346066393815370623,13194,636,1469100.00,6897,52.27,4.90,-3.20
25-June-2020,107.05,114.00,107.05,111.30,111.120922908067094557,41911,1498,4657189.00,23362,55.74,6.95,4.25
24-June-2020,112.00,112.00,105.65,107.00,108.437736341113574129,7669,316,831609.00,4031,52.56,6.35,-5.00
23-June-2020,109.50,111.90,109.10,109.85,110.370332594235033259,22550,633,2488851.00,16847,74.71,2.80,0.35
22-June-2020,111.35,112.90,108.70,109.30,109.986618909238359126,14797,524,1627472.00,9150,61.84,4.20,-2.05
19-June-2020,114.00,114.00,108.60,111.35,111.222809766288027157,15318,791,1703711.00,6536,42.67,5.40,-2.65
18-June-2020,119.70,120.05,107.60,111.05,113.281478847414684016,89989,2933,10194087.00,43525,48.37,12.45,-8.65
17-June-2020,100.00,117.70,100.00,117.20,115.170210970464135021,201450,4475,23201039.00,57597,28.59,17.70,17.20
16-June-2020,97.00,100.00,92.00,98.10,95.673116258499640665,18089,856,1730631.00,11146,61.62,8.00,1.10
15-June-2020,97.00,98.90,93.15,95.05,95.939393939393939393,8052,432,772504.00,5054,62.77,5.75,-1.95
12-June-2020,95.05,96.05,90.85,95.00,93.145290121189864120,21784,856,2029077.00,14813,68.00,5.20,-0.05
11-June-2020,99.00,100.05,97.05,97.75,98.256523337008452774,5442,170,534712.00,3561,65.44,3.00,-1.25
10-June-2020,100.40,102.90,98.00,99.35,100.313683875417838382,18847,1009,1890612.00,7255,38.49,4.90,-1.05
9-June-2020,115.35,116.30,96.55,98.55,103.316211317128567996,45789,1605,4730746.00,19129,41.78,19.75,-16.80
8-June-2020,92.00,108.95,92.00,108.95,106.991129845461154233,170572,2067,18249691.00,86269,50.58,16.95,16.95
5-June-2020,84.50,92.00,82.85,90.80,89.047063002264351995,22523,981,2005607.00,10646,47.27,9.15,6.30
4-June-2020,85.30,85.65,82.60,82.85,84.196640316205533596,5060,234,426035.00,3958,78.22,3.05,-2.45
3-June-2020,85.60,87.05,83.00,83.90,85.505834512022630834,5656,337,483621.00,2192,38.76,4.05,-1.70
2-June-2020,85.75,85.75,84.50,84.90,84.953826850690087829,3985,174,338541.00,2395,60.10,1.25,-0.85
1-June-2020,86.90,87.05,84.45,85.05,85.932968929804372842,6952,182,597406.00,3612,51.96,2.60,-1.85
29-May-2020,88.30,88.30,83.75,83.90,85.271436683702441794,14088,244,1201304.00,7788,55.28,4.55,-4.40
28-May-2020,85.20,90.10,82.70,85.30,86.535594007664615027,25833,789,2235474.00,8152,31.56,7.40,0.10
27-May-2020,83.80,84.55,80.60,81.15,82.594378903539208882,2882,180,238037.00,1413,49.03,3.95,-2.65
26-May-2020,85.45,85.45,80.20,82.55,83.319548341566690190,7085,420,590319.00,4380,61.82,5.25,-2.90
22-May-2020,84.75,85.85,82.00,82.25,83.489825581395348837,9632,437,804174.00,6224,64.62,3.85,-2.50
21-May-2020,84.50,89.00,84.50,85.10,86.652120467117393976,17897,660,1550813.00,5123,28.62,4.50,0.60
20-May-2020,89.75,89.75,84.00,85.50,86.312322397313355722,15484,514,1336460.00,5631,36.37,5.75,-4.25
19-May-2020,92.25,94.15,87.55,88.20,90.207164374115341342,27553,972,2485478.00,10930,39.67,6.60,-4.05
18-May-2020,87.90,95.70,85.55,92.30,91.387806100635421427,135658,3113,12397487.00,63397,46.73,10.15,4.40
15-May-2020,77.10,89.40,73.25,88.05,85.345476204928978997,131792,2280,11247851.00,26222,19.90,16.15,10.95
14-May-2020,71.60,76.60,69.55,75.60,73.040835976438604440,17656,501,1289609.00,9416,53.33,7.05,4.00
13-May-2020,74.00,74.95,70.95,71.35,71.834785766158315177,11016,344,791332.00,8115,73.67,4.00,-2.65
12-May-2020,74.10,74.50,69.00,70.30,71.236703483432455395,5885,365,419228.00,2154,36.60,5.50,-3.80
11-May-2020,74.20,75.05,68.10,73.10,73.117740023706045041,2531,68,185061.00,2199,86.88,6.95,-1.10
8-May-2020,76.70,76.95,71.15,72.60,73.938621679827709978,2786,107,205993.00,2239,80.37,5.80,-4.10
7-May-2020,76.85,78.00,74.00,74.80,75.574962292609351432,6630,422,501062.00,3593,54.19,4.00,-2.05
6-May-2020,79.60,80.65,73.45,76.25,77.552329916123019571,21460,871,1664273.00,8960,41.75,7.20,-3.35
5-May-2020,81.00,86.35,75.75,78.65,81.716079831251014116,30815,895,2518081.00,15019,48.74,10.60,-2.35
4-May-2020,71.00,84.00,68.25,80.05,78.704887756995159467,118582,3509,9332983.00,52496,44.27,15.75,9.05
30-April-2020,68.30,71.70,67.10,70.85,69.701469638242894056,12384,539,863183.00,3580,28.91,4.60,2.55
29-April-2020,68.00,68.50,65.75,66.85,67.051757601897778736,4637,257,310919.00,1861,40.13,2.75,-1.15
28-April-2020,62.85,69.40,61.70,67.20,67.074307374993031941,17939,621,1203246.00,7686,42.85,7.70,4.35
27-April-2020,61.60,64.05,61.00,61.30,61.943942614240170031,3764,120,233157.00,2530,67.22,3.05,-0.30
24-April-2020,64.00,64.00,60.45,61.10,62.468021068472535741,2658,190,166040.00,1638,61.63,3.55,-2.90
23-April-2020,59.80,68.45,58.40,63.95,65.557782385011134147,13023,464,853759.00,3401,26.12,10.05,4.15
22-April-2020,59.95,60.90,58.70,60.45,59.702033598585322723,2262,107,135046.00,1621,71.66,2.20,0.50
21-April-2020,61.00,61.05,58.50,59.00,59.546733668341708542,3980,294,236996.00,2895,72.74,2.55,-2.00
20-April-2020,58.50,65.55,58.40,62.75,62.749130085653104925,14944,959,937723.00,6338,42.41,7.15,4.25
17-April-2020,58.75,58.75,56.70,57.25,57.436119116234390009,1041,78,59791.00,586,56.29,2.05,-1.50
16-April-2020,56.00,58.05,55.80,57.05,57.481412639405204460,1076,71,61850.00,639,59.39,2.25,1.05
15-April-2020,56.60,58.20,55.55,56.00,57.218865924748277689,1887,85,107972.00,1498,79.39,2.65,-0.60
13-April-2020,64.50,64.50,55.25,55.60,58.166327361563517915,4912,236,285713.00,2251,45.83,9.25,-8.90
9-April-2020,55.35,58.60,54.30,56.40,55.461011003029819805,6271,201,347796.00,3851,61.41,4.30,1.05
8-April-2020,45.95,55.00,45.95,54.50,52.384403984884919271,5822,348,304982.00,4029,69.20,9.05,8.55
7-April-2020,47.95,47.95,45.30,46.55,46.407372986369268897,3228,151,149803.00,2539,78.66,2.65,-1.40
3-April-2020,49.70,49.70,44.00,45.25,45.066666666666666666,1440,86,64896.00,841,58.40,5.70,-4.45
1-April-2020,44.90,46.25,43.20,44.80,44.970162914149734578,5463,222,245672.00,887,16.24,3.05,-0.10
31-March-2020,44.95,45.80,43.65,44.70,44.477707006369426751,1256,68,55864.00,666,53.03,2.15,-0.25
30-March-2020,42.25,44.85,42.20,42.70,43.005277044854881266,1137,44,48897.00,668,58.75,2.65,0.45
27-March-2020,42.80,45.85,42.60,44.45,44.453235294117647058,3400,167,151141.00,2237,65.79,3.25,1.65
26-March-2020,42.60,45.40,41.90,42.50,43.318321678321678321,3575,207,154863.00,2381,66.60,3.50,-0.10
25-March-2020,41.50,44.25,40.00,44.00,43.782663404404054526,57220,119,2505244.00,41718,72.91,4.25,2.50
24-March-2020,50.00,50.00,40.20,41.30,42.442558007923033389,1767,88,74996.00,719,40.69,9.80,-8.70
23-March-2020,44.05,46.75,40.55,42.05,43.501568106965540972,101715,158,4424762.00,101042,99.34,6.20,-2.00
20-March-2020,45.90,51.35,45.85,49.90,49.477408886669995007,8012,94,396413.00,3353,41.85,5.50,4.00
19-March-2020,45.50,48.60,45.10,47.00,46.989967697547550966,102469,92,4815015.00,101741,99.29,3.50,1.50
18-March-2020,54.90,55.80,49.30,50.05,51.770347558293004839,2273,91,117674.00,1826,80.33,6.50,-4.85
17-March-2020,54.00,55.25,52.00,53.50,53.483129935391241923,4179,147,223506.00,1314,31.44,3.25,-0.50
16-March-2020,57.00,57.00,52.50,53.35,54.003379416282642089,3255,136,175781.00,1946,59.78,4.50,-3.65
13-March-2020,53.00,58.10,53.00,56.80,56.630621774391742442,20345,115,1152150.00,18938,93.08,5.10,3.80
12-March-2020,63.95,63.95,56.10,57.95,58.105909737488684857,23199,112,1347999.00,21944,94.59,7.85,-6.00
11-March-2020,64.00,65.45,63.00,63.70,64.142208774583963691,1322,59,84796.00,882,66.72,2.45,-0.30
9-March-2020,65.15,65.15,60.75,61.60,61.188121560105952701,126094,324,7715455.00,102331,81.15,4.40,-3.55
6-March-2020,68.85,68.85,65.10,66.40,66.504756761907787113,125926,345,8374678.00,101453,80.57,3.75,-2.45
5-March-2020,69.30,71.40,69.15,70.40,70.494756274794768058,101836,178,7178904.00,100844,99.03,2.25,1.10
4-March-2020,71.00,71.90,67.60,69.10,69.127332094139399482,101679,85,7028798.00,101179,99.51,4.30,-1.90
3-March-2020,71.90,73.00,69.50,70.85,70.192470822522427642,104447,232,7331393.00,102375,98.02,3.50,-1.05
2-March-2020,76.00,77.75,70.40,71.95,74.137587606049428255,2711,100,200987.00,1730,63.81,7.35,-4.05
28-February-2020,75.20,75.30,72.50,73.10,73.839029222387320455,4038,103,298162.00,2196,54.38,2.80,-2.10
27-February-2020,77.00,79.20,75.05,78.15,76.892067620286085825,2307,68,177390.00,1120,48.55,4.15,1.15
26-February-2020,75.90,79.80,75.90,77.20,77.756353368293666801,2479,88,192758.00,991,39.98,3.90,1.30
25-February-2020,82.40,82.40,76.80,77.40,79.003995006242197253,4005,175,316411.00,2695,67.29,5.60,-5.00
24-February-2020,86.00,87.75,80.65,81.10,84.346753246753246753,7700,442,649470.00,3314,43.04,7.10,-4.90
20-February-2020,76.35,91.00,75.70,85.15,87.941727177793428370,82354,1453,7242353.00,36872,44.77,15.30,8.80
19-February-2020,76.05,76.85,75.50,75.85,75.754341164453524004,1958,124,148327.00,1614,82.43,1.35,-0.20
18-February-2020,84.90,84.90,73.80,75.40,75.271939675918498315,6233,203,469170.00,5136,82.40,11.10,-9.50
17-February-2020,79.00,79.35,75.60,76.80,76.914940364092906465,9558,263,735153.00,2136,22.35,3.75,-2.20
14-February-2020,80.40,80.40,78.20,78.80,79.119453924914675767,586,77,46364.00,348,59.39,2.20,-1.60
13-February-2020,80.15,82.60,79.05,79.95,81.064122614951517047,3197,132,259162.00,1177,36.82,3.55,-0.20
12-February-2020,81.60,81.60,78.95,79.25,79.783505154639175257,1067,50,85129.00,664,62.23,2.65,-2.35
11-February-2020,80.05,84.45,80.05,80.85,82.363397663121964027,7617,485,627362.00,4183,54.92,4.40,0.80
10-February-2020,82.55,82.55,78.00,79.75,79.982963620230700976,5635,244,450704.00,2832,50.26,4.55,-2.80
7-February-2020,76.95,84.90,75.40,81.75,81.283210390265430931,15861,445,1289233.00,3857,24.32,9.50,4.80
6-February-2020,78.20,78.20,76.15,76.35,77.082210242587601078,742,23,57195.00,544,73.32,2.05,-1.85
5-February-2020,77.00,78.05,76.60,77.60,77.382113821138211382,3321,114,256986.00,992,29.87,1.45,0.60
4-February-2020,77.00,77.00,75.55,75.85,75.945544554455445544,1616,153,122728.00,1196,74.01,1.45,-1.15
3-February-2020,73.00,78.30,73.00,74.90,76.312967115097159940,5352,447,408427.00,3702,69.17,5.30,1.90
1-February-2020,83.00,83.00,72.50,73.00,76.761118690313778990,7330,683,562659.00,5180,70.67,10.50,-10.00
31-January-2020,75.55,75.55,73.25,73.60,73.917376064096144216,1997,160,147613.00,1077,53.93,2.30,-1.95
30-January-2020,78.00,78.35,74.90,75.30,76.239038189533239038,1414,116,107802.00,952,67.33,3.45,-2.70
29-January-2020,76.25,79.05,75.35,78.65,77.850030605998775760,4901,204,381543.00,3340,68.15,3.70,2.40
28-January-2020,77.60,77.60,75.25,75.30,76.406177156177156177,1716,78,131113.00,1193,69.52,2.35,-2.30
27-January-2020,77.65,79.35,77.60,77.60,78.040878584502745576,1639,29,127909.00,1386,84.56,1.75,-0.05
24-January-2020,80.50,80.95,78.40,79.15,79.717726991970352069,1619,201,129063.00,950,58.68,2.55,-1.35
23-January-2020,77.80,79.35,77.75,78.10,78.003658131027602261,3007,137,234557.00,2282,75.89,1.60,0.30
22-January-2020,78.35,79.05,77.50,77.80,77.984607745779543197,2014,391,157061.00,1466,72.79,1.55,-0.55
21-January-2020,78.60,78.80,76.45,76.90,77.712634822804314329,2596,85,201742.00,1751,67.45,2.35,-1.70
20-January-2020,83.00,83.00,78.00,78.20,79.245797969712098518,6009,131,476188.00,2804,46.66,5.00,-4.80
17-January-2020,76.00,82.80,76.00,80.50,81.007208853690730023,9849,698,797840.00,3612,36.67,6.80,4.50
16-January-2020,77.60,77.60,76.25,76.70,76.934279312920089619,2678,89,206030.00,2256,84.24,1.35,-0.90
15-January-2020,75.85,76.75,75.75,76.05,76.226865671641791044,2345,81,178752.00,1115,47.55,1.00,0.20
14-January-2020,76.00,76.00,74.15,74.80,74.983805668016194331,1729,45,129647.00,1473,85.19,1.85,-1.20
13-January-2020,75.35,76.95,75.35,75.90,75.987903225806451612,744,47,56535.00,448,60.22,1.60,0.55
10-January-2020,77.55,78.50,75.40,75.85,76.687346938775510204,1225,45,93942.00,711,58.04,3.10,-1.70
9-January-2020,75.10,77.10,75.10,76.70,76.474619289340101522,1182,136,90393.00,677,57.28,2.00,1.60
8-January-2020,73.20,74.40,72.75,74.40,73.589830508474576271,1770,59,130254.00,622,35.14,1.65,1.20
7-January-2020,74.95,75.50,73.70,74.15,74.791896869244935543,1086,165,81224.00,576,53.04,1.80,-0.80
6-January-2020,77.05,77.05,73.25,73.95,74.522144522144522144,3003,100,223790.00,2187,72.83,3.80,-3.10
3-January-2020,77.30,78.50,76.75,77.05,77.479188345473465140,1922,153,148915.00,943,49.06,1.75,-0.25
2-January-2020,74.80,78.50,74.40,76.55,76.576597836774827925,5085,248,389392.00,2882,56.68,4.10,1.75
1-January-2020,73.90,75.50,73.40,75.30,74.562216624685138539,1985,157,148006.00,1582,79.70,2.10,1.40
31-December-2019,75.95,76.00,73.00,73.55,74.284421888790820829,4532,118,336657.00,2835,62.56,3.00,-2.40
30-December-2019,73.50,78.00,73.50,75.60,74.928420518887855995,11833,450,886628.00,6409,54.16,4.50,2.10
27-December-2019,72.50,74.00,72.15,72.50,72.736613603473227206,2073,72,150783.00,541,26.10,1.85,0.00
26-December-2019,71.65,75.70,71.55,71.80,73.185472154963680387,2065,147,151128.00,1186,57.43,4.15,0.15
24-December-2019,70.60,76.40,70.40,72.10,73.112116641528406234,7956,245,581680.00,4118,51.76,6.00,1.50
23-December-2019,72.45,72.55,70.45,70.60,71.296803652968036529,1971,145,140526.00,897,45.51,2.10,-1.85
20-December-2019,75.90,75.90,72.30,73.00,73.435180943655519926,4366,159,320618.00,2402,55.02,3.60,-2.90
19-December-2019,69.80,78.70,69.80,75.25,76.163198427003113223,18309,1081,1394472.00,4273,23.34,8.90,5.45
18-December-2019,70.65,71.00,69.00,69.80,69.945801650218411260,6181,215,432335.00,5320,86.07,2.00,-0.85
17-December-2019,68.35,71.55,68.35,69.75,70.146306132303235152,2071,103,145273.00,1535,74.12,3.20,1.40
16-December-2019,69.65,70.15,68.25,68.50,69.192340425531914893,2350,275,162602.00,1820,77.45,1.90,-1.15
13-December-2019,69.75,70.95,68.55,69.60,69.629775502166207168,2539,146,176790.00,1301,51.24,2.40,-0.15
12-December-2019,65.00,70.15,65.00,69.80,68.316522574447646493,8328,929,568940.00,5690,68.32,5.15,4.80
11-December-2019,68.70,68.70,66.15,66.75,67.059570312500000000,2048,56,137338.00,742,36.23,2.55,-1.95
10-December-2019,67.70,71.05,66.05,66.95,68.322696534234995773,4732,168,323303.00,2437,51.50,5.00,-0.75
9-December-2019,67.60,68.55,67.40,67.75,67.778625954198473282,2096,52,142064.00,1631,77.81,1.15,0.15
6-December-2019,70.00,70.45,66.50,66.95,68.092704333516182117,1823,100,124133.00,943,51.73,3.95,-3.05
5-December-2019,70.95,70.95,69.15,69.60,70.037073170731707317,2050,53,143576.00,1481,72.24,1.80,-1.35
4-December-2019,69.20,71.00,68.10,69.00,69.024414384691520950,3031,121,209213.00,1273,42.00,2.90,-0.20
3-December-2019,70.35,71.70,69.35,69.50,70.223199329983249581,2388,94,167693.00,1600,67.00,2.35,-0.85
2-December-2019,71.30,80.00,70.65,70.70,74.514454580495952717,7783,106,579946.00,5382,69.15,9.35,-0.60
29-November-2019,71.85,72.50,70.00,70.25,70.840225103988255444,4087,137,289524.00,2458,60.14,2.50,-1.60
28-November-2019,72.75,73.75,69.10,70.35,70.898339920948616600,6325,189,448432.00,3498,55.30,4.65,-2.40
27-November-2019,71.20,76.45,71.00,72.35,73.181634712411705348,5946,169,435138.00,3296,55.43,5.45,1.15
26-November-2019,74.55,74.55,70.75,71.80,72.946296296296296296,2160,45,157564.00,668,30.93,3.80,-2.75
25-November-2019,80.00,80.00,73.00,73.00,73.602262683401095987,5657,135,416368.00,4863,85.96,7.00,-7.00
22-November-2019,72.20,73.65,71.50,73.00,72.498047568335108271,2817,76,204227.00,2131,75.65,2.15,0.80
21-November-2019,73.80,75.50,72.05,72.40,73.270565045992115637,7610,217,557589.00,2400,31.54,3.45,-1.40
20-November-2019,80.00,80.00,71.55,71.85,74.048857533958092029,9497,384,703242.00,7381,77.72,8.45,-8.15
19-November-2019,70.00,82.90,70.00,76.70,79.276502791186861195,37081,559,2939652.00,11090,29.91,12.90,6.70
18-November-2019,70.50,74.15,66.90,69.10,68.632051991150442477,7232,216,496347.00,4664,64.49,7.25,-1.40
15-November-2019,76.25,77.50,70.50,71.25,73.541446208112874779,5103,288,375282.00,2589,50.73,7.00,-5.00
14-November-2019,81.70,81.70,77.00,77.35,77.825051565722857678,5333,103,415041.00,3361,63.02,4.70,-4.35
13-November-2019,85.00,85.65,79.55,80.55,81.602453667449752022,3831,63,312619.00,3401,88.78,6.10,-4.45
11-November-2019,85.80,87.00,83.70,84.85,84.734853029394121175,1667,50,141253.00,1122,67.31,3.30,-0.95
8-November-2019,81.05,90.85,80.95,82.25,86.653736784542471746,13715,324,1188456.00,8542,62.28,9.90,1.20
7-November-2019,82.35,85.60,80.20,82.10,82.251390433815350389,3596,97,295776.00,1573,43.74,5.40,-0.25
6-November-2019,88.00,89.75,82.05,83.95,85.191638693927372596,6554,309,558346.00,3292,50.23,7.70,-4.05
5-November-2019,99.80,99.80,88.00,88.65,91.591832719709957561,35581,617,3258929.00,15330,43.08,11.80,-11.15
4-November-2019,83.00,95.30,80.60,95.30,88.774608537456955363,30782,932,2732660.00,14465,46.99,14.70,12.30
1-November-2019,73.95,81.30,73.65,79.45,78.108716575302339205,23897,729,1866564.00,9685,40.53,7.65,5.50
31-October-2019,71.65,74.05,69.65,71.80,72.099128040385497934,4358,299,314208.00,1559,35.77,4.40,0.15
30-October-2019,71.65,71.65,68.70,69.00,69.783815480844409695,2558,329,178507.00,1644,64.27,2.95,-2.65
29-October-2019,71.40,71.40,68.25,68.85,69.883467992541951522,6436,114,449770.00,5680,88.25,3.15,-2.55
27-October-2019,69.05,72.00,69.05,71.15,70.740189445196211096,739,42,52277.00,649,87.82,2.95,2.10
25-October-2019,69.00,69.50,67.95,69.20,68.885511467054969057,5494,215,378457.00,2970,54.06,1.55,0.20
24-October-2019,69.25,69.60,66.50,67.00,67.961138478379857690,1827,142,124165.00,1111,60.81,3.10,-2.25
23-October-2019,68.75,69.70,68.45,68.55,69.049091801669121256,2037,59,140653.00,1593,78.20,1.25,-0.20
22-October-2019,73.90,73.90,68.20,69.45,69.461016949152542372,4130,128,286874.00,2985,72.28,5.70,-4.45
18-October-2019,69.85,73.85,69.50,69.65,71.218991692924663420,6982,265,497251.00,4615,66.10,4.35,-0.20
17-October-2019,70.20,71.65,67.25,70.10,69.612484848484848484,8250,161,574303.00,7505,90.97,4.40,-0.10
16-October-2019,68.45,69.90,67.30,67.75,68.508864182692307692,6656,153,455995.00,5346,80.32,2.60,-0.70
15-October-2019,69.40,71.25,67.75,70.15,68.783769902413970210,1947,105,133922.00,1350,69.34,3.50,0.75
14-October-2019,69.80,71.20,68.70,69.50,69.695384615384615384,975,95,67953.00,575,58.97,2.50,-0.30
11-October-2019,69.35,71.35,66.50,69.10,68.444486168481662285,7989,209,546803.00,6388,79.96,4.85,-0.25
10-October-2019,68.80,70.20,68.80,69.00,69.243133723547951373,2221,112,153789.00,715,32.19,1.40,0.20
9-October-2019,70.05,71.90,65.15,68.85,68.121733966745843230,3368,193,229434.00,1826,54.22,6.75,-1.20
7-October-2019,75.00,75.00,69.00,69.65,70.019218449711723254,1561,97,109300.00,893,57.21,6.00,-5.35
4-October-2019,71.80,73.15,71.05,72.40,72.223889931207004377,1599,96,115486.00,1089,68.10,2.10,0.60
3-October-2019,74.00,76.10,71.05,72.60,72.547131969514640994,2493,93,180860.00,1660,66.59,5.05,-1.40
1-October-2019,76.90,77.35,72.15,74.15,73.863033873343151693,1358,56,100306.00,662,48.75,5.20,-2.75
30-September-2019,79.95,80.15,75.00,76.90,78.862649821833495302,3087,122,243449.00,1658,53.71,5.15,-3.05
27-September-2019,83.90,83.90,79.00,79.35,80.460447761194029850,1340,133,107817.00,719,53.66,4.90,-4.55
26-September-2019,90.00,90.00,81.25,81.40,83.688866120218579234,2928,172,245041.00,968,33.06,8.75,-8.60
25-September-2019,84.10,85.85,81.60,82.55,84.570920409070698088,2249,169,190200.00,1332,59.23,4.25,-1.55
24-September-2019,85.55,86.05,83.65,85.05,84.965935334872979214,1732,60,147161.00,1162,67.09,2.40,-0.50
23-September-2019,85.15,88.50,84.85,86.20,87.173938002296211251,1742,72,151857.00,1004,57.63,3.65,1.05
20-September-2019,83.00,85.85,81.00,84.75,84.430872876391329818,3414,182,288247.00,1842,53.95,4.85,1.75
19-September-2019,82.20,84.60,80.60,81.65,82.258339798293250581,1289,151,106031.00,608,47.17,4.00,-0.55
18-September-2019,86.30,86.30,82.60,84.40,84.851578947368421052,1900,144,161218.00,991,52.16,3.70,-1.90
17-September-2019,91.00,91.00,86.00,86.25,88.194767441860465116,2408,83,212373.00,1580,65.61,5.00,-4.75
16-September-2019,90.50,90.60,88.25,88.40,89.598041958041958041,3575,174,320313.00,2443,68.34,2.35,-2.10
13-September-2019,91.00,91.05,88.20,89.10,89.780887644942023190,2501,185,224542.00,1602,64.05,2.85,-1.90
12-September-2019,92.15,93.45,91.45,91.55,91.934896551724137931,3625,170,333264.00,2019,55.70,2.00,-0.60
11-September-2019,95.00,95.35,88.45,91.55,91.729972645564673700,15354,347,1408422.00,6627,43.16,6.90,-3.45
9-September-2019,92.00,98.25,89.85,94.30,94.030334782836485566,38174,1387,3589514.00,8775,22.99,8.40,2.30
6-September-2019,71.00,85.00,69.95,85.00,81.008656637635259963,18945,579,1534709.00,8155,43.05,15.05,14.00
5-September-2019,72.75,72.75,70.20,70.85,71.075515947467166979,2132,121,151533.00,1772,83.11,2.55,-1.90
4-September-2019,72.75,72.75,70.00,70.35,71.118514396995409653,7189,217,511271.00,5707,79.39,2.75,-2.40
3-September-2019,72.25,73.80,69.95,71.70,72.122792937399678972,1246,76,89865.00,866,69.50,3.85,-0.55
30-August-2019,74.25,74.50,71.55,72.25,72.677370608235738571,2647,118,192377.00,1764,66.64,2.95,-2.00
29-August-2019,74.00,75.25,70.30,71.30,71.761549324188016945,4957,224,355722.00,2328,46.96,4.95,-2.70
28-August-2019,76.75,77.00,75.00,75.90,75.982942430703624733,938,59,71272.00,739,78.78,2.00,-0.85
27-August-2019,72.00,80.90,72.00,77.55,76.827733080927591102,2113,181,162337.00,1191,56.37,8.90,5.55
26-August-2019,78.00,78.00,73.45,74.35,74.875810473815461346,2005,104,150126.00,1342,66.93,4.55,-3.65
23-August-2019,74.10,74.10,71.70,71.90,72.293879907621247113,3464,99,250426.00,2865,82.71,2.40,-2.20
22-August-2019,77.80,77.80,74.00,74.05,75.029211295034079844,3081,149,231165.00,2906,94.32,3.80,-3.75
21-August-2019,80.35,81.60,77.80,78.35,78.330033936651583710,3536,137,276975.00,2847,80.51,3.80,-2.00
20-August-2019,85.20,85.50,78.35,80.15,80.373996789727126805,1869,164,150219.00,1172,62.71,7.15,-5.05
19-August-2019,83.50,85.00,83.30,84.90,84.500000000000000000,1202,47,101569.00,1005,83.61,1.70,1.40
16-August-2019,83.60,85.25,80.60,82.25,82.868276972624798711,3105,169,257306.00,2246,72.33,4.65,-1.35
14-August-2019,85.05,87.20,84.00,85.80,85.151862464183381088,698,56,59436.00,363,52.01,3.20,0.75
13-August-2019,88.00,88.45,84.45,86.45,86.183391003460207612,1445,115,124535.00,994,68.79,4.00,-1.55
9-August-2019,91.10,92.50,87.00,88.70,90.486265775798069784,1347,101,121885.00,813,60.36,5.50,-2.40
8-August-2019,88.00,91.00,87.75,89.35,89.841422393080249879,6243,255,560880.00,2705,43.33,3.25,1.35
7-August-2019,88.90,92.75,88.00,88.00,89.153796236210253082,1541,62,137386.00,1063,68.98,4.75,-0.90
6-August-2019,90.30,90.40,88.80,89.65,89.775025799793601651,969,21,86992.00,763,78.74,1.60,-0.65
5-August-2019,86.00,87.35,82.00,86.90,84.714208535926526202,1851,72,156806.00,1143,61.75,5.35,0.90
2-August-2019,86.05,89.00,86.05,86.25,86.503875968992248062,1419,77,122749.00,723,50.95,2.95,0.20
1-August-2019,87.30,88.45,86.80,86.90,87.275123558484349258,607,28,52976.00,366,60.30,1.65,-0.40
31-July-2019,86.25,90.50,86.25,89.85,88.161919040479760119,667,43,58804.00,220,32.98,4.25,3.60
30-July-2019,88.55,91.65,88.00,88.35,88.989148128052088985,1843,86,164007.00,951,51.60,3.65,-0.20
29-July-2019,90.05,91.40,88.70,89.10,89.402674591381872213,4038,92,361008.00,2651,65.65,2.70,-0.95
26-July-2019,91.10,93.05,88.50,92.40,91.975441289332310053,1303,53,119844.00,627,48.12,4.55,1.30
25-July-2019,90.65,94.35,88.00,91.40,91.381155015197568389,4935,194,450966.00,2393,48.49,6.35,0.75
24-July-2019,94.50,95.30,87.05,87.60,88.757743362831858407,2712,120,240711.00,1470,54.20,8.25,-6.90
23-July-2019,95.05,95.05,92.00,92.25,93.361832435080842724,4082,141,381103.00,2483,60.83,3.05,-2.80
22-July-2019,99.80,99.80,94.00,94.95,95.876763875823142050,1063,50,101917.00,436,41.02,5.80,-4.85
19-July-2019,106.00,106.00,99.05,99.45,100.789058093626621545,1773,97,178699.00,970,54.71,6.95,-6.55
18-July-2019,102.75,104.50,102.05,102.70,103.085278704144830871,2099,94,216376.00,1444,68.79,2.45,-0.05
17-July-2019,105.60,106.05,101.10,103.20,103.950832994717594473,7383,228,767469.00,4815,65.22,4.95,-2.40
16-July-2019,111.85,112.00,108.00,108.45,109.953481481481481481,3375,109,371093.00,2222,65.84,4.00,-3.40
15-July-2019,112.70,115.00,111.00,111.95,113.043879907621247113,1732,69,195792.00,1036,59.82,4.00,-0.75
12-July-2019,115.90,116.15,110.95,114.15,113.839527027027027027,1184,51,134786.00,661,55.83,5.20,-1.75
11-July-2019,114.50,115.15,112.10,113.70,113.905643738977072310,1134,42,129169.00,825,72.75,3.05,-0.80
10-July-2019,114.70,115.10,114.40,114.80,114.816176470588235294,1360,57,156150.00,1193,87.72,0.70,0.10
9-July-2019,114.00,116.00,113.35,115.20,114.689320388349514563,1751,70,200821.00,1325,75.67,2.65,1.20
8-July-2019,117.35,117.35,114.00,114.50,114.853038674033149171,905,39,103942.00,368,40.66,3.35,-2.85
5-July-2019,119.10,122.75,115.00,116.65,117.394950667440510737,3446,94,404543.00,2566,74.46,7.75,-2.45
4-July-2019,122.05,123.00,121.75,122.80,122.335399449035812672,1452,49,177631.00,915,63.02,1.25,0.75
3-July-2019,125.00,126.50,123.25,123.50,124.708828522920203735,1178,45,146907.00,680,57.72,3.25,-1.50
2-July-2019,118.35,125.00,118.35,122.10,120.222500000000000000,4800,85,577068.00,3687,76.81,6.65,3.75
1-July-2019,120.50,120.50,118.60,119.20,119.494736842105263157,760,46,90816.00,449,59.08,1.90,-1.30
28-June-2019,118.45,124.30,118.40,121.10,122.133079847908745247,789,49,96363.00,297,37.64,5.90,2.65
27-June-2019,121.50,123.30,121.40,122.15,121.936061381074168797,391,22,47677.00,278,71.10,1.90,0.65
26-June-2019,119.75,120.70,118.10,119.35,118.869677419354838709,1550,71,184248.00,775,50.00,2.60,-0.40
25-June-2019,116.45,119.95,115.00,118.15,118.068574514038876889,1852,97,218663.00,707,38.17,4.95,1.70
24-June-2019,115.05,117.85,114.20,114.60,115.643282594308405029,4533,134,524211.00,4180,92.21,3.65,-0.45
21-June-2019,117.90,118.05,114.70,115.95,116.462129527991218441,911,27,106097.00,483,53.02,3.35,-1.95
20-June-2019,121.05,121.05,113.20,118.20,116.049252097774534841,2741,76,318091.00,1510,55.09,7.85,-2.85
19-June-2019,119.00,119.70,114.00,115.10,116.574636946977372509,5922,202,690355.00,3145,53.11,5.70,-3.90
18-June-2019,117.15,122.00,117.15,118.15,119.358723958333333333,1536,44,183335.00,870,56.64,4.85,1.00
17-June-2019,121.00,121.00,117.00,118.55,118.944666666666666666,1500,51,178417.00,938,62.53,4.00,-2.45
14-June-2019,120.90,125.00,119.05,119.70,122.876704651597235195,5353,137,657759.00,1489,27.82,5.95,-1.20
13-June-2019,118.10,118.10,115.65,117.70,117.323389537397319498,2313,57,271369.00,1565,67.66,2.45,-0.40
12-June-2019,121.20,123.70,117.00,120.50,120.070774354704412989,7206,111,865230.00,3783,52.50,6.70,-0.70
11-June-2019,124.10,125.00,121.15,122.10,123.140963855421686746,1660,62,204414.00,777,46.81,3.85,-2.00
10-June-2019,122.75,128.95,122.75,123.90,126.182108626198083067,1252,44,157980.00,373,29.79,6.20,1.15
7-June-2019,123.80,125.15,120.40,123.55,122.567287043664996420,2794,80,342453.00,1790,64.07,4.75,-0.25
6-June-2019,128.25,129.30,119.05,122.90,123.646886843530048727,9235,229,1141879.00,5391,58.38,10.25,-5.35
4-June-2019,130.00,130.30,126.95,127.90,128.607429936997610254,4603,86,591980.00,3203,69.58,3.35,-2.10
3-June-2019,133.00,133.15,129.25,129.40,131.220779220779220779,616,26,80832.00,348,56.49,3.90,-3.60
31-May-2019,135.10,136.00,130.50,130.80,132.225823314166231050,3826,95,505896.00,2370,61.94,5.50,-4.30
30-May-2019,137.80,138.10,133.75,134.15,135.656709956709956709,2310,55,313367.00,1404,60.78,4.35,-3.65
29-May-2019,137.00,138.50,132.65,134.90,135.322509388115749944,4527,126,612605.00,2373,52.42,5.85,-2.10
28-May-2019,139.20,140.80,136.05,136.30,138.441439946914399469,6028,127,834525.00,4356,72.26,4.75,-2.90
27-May-2019,149.00,149.00,137.30,139.20,139.624110320284697508,6744,153,941625.00,3887,57.64,11.70,-9.80
24-May-2019,131.00,148.30,129.45,140.65,141.029990038273999895,38146,706,5379730.00,16449,43.12,18.85,9.65
23-May-2019,130.95,134.00,128.00,129.40,130.197177577420619364,10204,261,1328532.00,3110,30.48,6.00,-1.55
22-May-2019,128.15,129.80,127.10,129.40,129.085109717868338557,6380,84,823563.00,5616,88.02,2.70,1.25
21-May-2019,132.50,133.20,125.65,128.00,129.678971576836891142,8479,174,1099548.00,4179,49.29,7.55,-4.50
20-May-2019,131.00,134.80,128.00,130.50,130.182745281913023092,8531,254,1110589.00,4634,54.32,6.80,-0.50
17-May-2019,128.40,128.75,120.00,122.25,123.950048971596474045,6126,162,759318.00,2944,48.06,8.75,-6.15
16-May-2019,132.20,132.90,126.95,127.95,128.143780290791599353,4333,79,555247.00,3302,76.21,5.95,-4.25
15-May-2019,129.00,134.55,128.50,130.05,131.874905574860250793,6619,168,872880.00,2691,40.66,6.05,1.05
14-May-2019,127.10,130.90,125.00,129.55,127.935806831566548881,3396,107,434470.00,1368,40.28,5.90,2.45
13-May-2019,131.95,133.95,127.95,128.95,129.931205859272822390,3823,163,496727.00,2453,64.16,6.00,-3.00
10-May-2019,137.20,139.55,130.40,130.85,132.728685498411608139,11647,272,1545891.00,7824,67.18,9.15,-6.35
9-May-2019,131.00,140.50,130.70,136.50,137.271069004524886877,7072,275,970781.00,2626,37.13,9.80,5.50
8-May-2019,137.35,140.45,132.10,133.70,135.137902729324851221,9746,264,1317054.00,4671,47.93,8.35,-3.65
7-May-2019,139.90,143.75,136.85,141.25,140.617141053296154048,19007,533,2672710.00,4853,25.53,6.90,1.35
6-May-2019,141.90,151.60,135.55,136.60,143.359168079672039664,46591,1412,6679247.00,9442,20.27,16.05,-5.30
3-May-2019,116.00,140.55,116.00,140.55,131.769454172717177756,35121,840,4627875.00,15178,43.22,24.55,24.55
2-May-2019,119.00,119.65,115.90,117.15,117.942507068803016022,3183,104,375411.00,1493,46.91,3.75,-1.85
30-April-2019,126.50,127.70,118.25,120.10,121.672567256725672567,9999,305,1216604.00,6063,60.64,9.45,-6.40
26-April-2019,129.25,134.00,128.00,128.70,130.206494057724957555,4712,114,613533.00,2782,59.04,6.00,-0.55
25-April-2019,128.50,130.65,128.00,128.50,129.022909507445589919,873,34,112637.00,435,49.83,2.65,0.00
24-April-2019,128.50,131.60,122.15,129.70,128.632460732984293193,2865,85,368532.00,1033,36.06,9.45,1.20
23-April-2019,129.85,132.60,129.55,130.10,131.094263939029281989,4986,165,653636.00,2441,48.96,3.05,0.25
22-April-2019,135.60,135.85,125.35,127.75,130.698869099400210613,21841,537,2854594.00,13739,62.90,10.50,-7.85
18-April-2019,142.20,142.20,135.70,137.25,137.382787677856057466,7239,141,994514.00,4311,59.55,6.50,-4.95
16-April-2019,144.00,148.20,140.70,141.70,143.865973915809564203,9431,186,1356800.00,3700,39.23,7.50,-2.30
15-April-2019,136.25,147.70,136.25,143.45,143.225520317145688800,20180,548,2890291.00,8900,44.10,11.45,7.20
12-April-2019,142.00,142.20,139.25,140.10,140.484740802675585284,4784,97,672079.00,1978,41.35,2.95,-1.90
11-April-2019,142.90,146.90,139.50,142.05,142.634070490670352453,11576,244,1651132.00,4048,34.97,7.40,-0.85
10-April-2019,128.50,148.30,128.50,142.55,143.214639526722149804,49865,1463,7141398.00,12210,24.49,19.80,14.05
9-April-2019,130.10,130.70,127.00,128.50,129.235897435897435897,3510,113,453618.00,1301,37.07,3.70,-1.60
8-April-2019,138.10,138.10,131.80,132.80,134.901526717557251908,6550,231,883605.00,2421,36.96,6.30,-5.30
5-April-2019,143.40,144.00,133.20,138.00,139.892892892892892892,3996,197,559012.00,1360,34.03,10.80,-5.40
4-April-2019,138.00,146.70,137.00,139.05,140.533343931325013909,12581,563,1768050.00,2867,22.79,9.70,1.05
3-April-2019,144.00,146.70,137.35,138.50,141.285565280486145753,22051,677,3115488.00,6036,27.37,9.35,-5.50
2-April-2019,129.90,146.85,129.90,143.60,140.846403853557646679,111689,3363,15730994.00,16761,15.01,16.95,13.70
1-April-2019,106.70,125.00,105.90,125.00,119.347546240356910493,43036,724,5136241.00,22156,51.48,19.10,18.30
29-March-2019,102.15,105.00,102.00,104.20,104.026599326599326599,2970,75,308959.00,1765,59.43,3.00,2.05
28-March-2019,100.30,103.00,100.30,102.15,102.078698845750262329,953,38,97281.00,512,53.73,2.70,1.85
27-March-2019,102.40,102.45,100.20,101.45,101.609983543609434997,3646,112,370470.00,2716,74.49,2.25,-0.95
26-March-2019,105.70,105.70,101.20,102.95,102.717701953922426363,3429,65,352219.00,2629,76.67,4.50,-2.75
25-March-2019,107.00,107.00,101.80,102.35,104.131419939577039274,2648,95,275740.00,1527,57.67,5.20,-4.65
22-March-2019,109.00,109.90,105.60,106.00,108.764751154438173422,3898,62,423965.00,3284,84.25,4.30,-3.00
20-March-2019,109.30,110.30,108.25,109.30,109.373584905660377358,2385,79,260856.00,1702,71.36,2.05,0.00
19-March-2019,105.15,110.00,105.10,108.35,108.085780080598733448,1737,54,187745.00,1078,62.06,4.90,3.20
18-March-2019,109.45,109.80,105.60,106.25,106.388379204892966360,3270,89,347890.00,1760,53.82,4.20,-3.20
15-March-2019,110.55,110.90,109.35,110.40,110.105990783410138248,868,38,95572.00,467,53.80,1.55,-0.15
14-March-2019,113.05,113.85,110.05,111.25,111.854729729729729729,888,27,99327.00,602,67.79,3.80,-1.80
13-March-2019,112.70,115.15,112.00,112.25,113.333775273450447464,3017,86,341928.00,1579,52.34,3.15,-0.45
12-March-2019,110.90,113.00,109.00,111.15,110.415373597517307233,4189,127,462530.00,2570,61.35,4.00,0.25
11-March-2019,107.40,110.40,107.05,107.50,108.200160771704180064,1244,63,134601.00,659,52.97,3.35,0.10
8-March-2019,108.40,110.35,107.45,109.35,108.726956521739130434,575,26,62518.00,322,56.00,2.90,0.95
7-March-2019,109.90,109.90,107.70,108.70,109.387968613775065387,1147,25,125468.00,668,58.24,2.20,-1.20
6-March-2019,111.70,114.60,107.15,110.80,110.425799623706491063,8504,192,939061.00,5505,64.73,7.45,-0.90
5-March-2019,108.00,108.00,100.35,105.25,105.044916434540389972,2872,84,301689.00,1906,66.36,7.65,-2.75
1-March-2019,102.85,103.85,100.25,101.85,101.702936096718480138,1158,61,117772.00,775,66.93,3.60,-1.00
28-February-2019,100.75,100.75,100.00,100.25,100.213675213675213675,819,15,82075.00,485,59.22,0.75,-0.50
27-February-2019,100.10,102.05,98.00,98.60,100.031778786628146925,2423,40,242377.00,1140,47.05,4.05,-1.50
26-February-2019,98.50,103.05,98.45,100.50,101.808810572687224669,4540,53,462212.00,3626,79.87,4.60,2.00
25-February-2019,102.95,104.50,100.00,101.10,101.405405405405405405,1036,36,105056.00,740,71.43,4.50,-1.85
22-February-2019,98.50,103.95,97.85,101.10,101.321052631578947368,760,29,77004.00,502,66.05,6.10,2.60
21-February-2019,98.45,100.05,95.45,99.45,98.353233830845771144,603,29,59307.00,293,48.59,4.60,1.00
20-February-2019,98.50,99.20,97.25,98.05,97.987353206865401987,1107,35,108472.00,527,47.61,1.95,-0.45
19-February-2019,96.05,98.45,96.00,97.90,97.247648902821316614,638,29,62044.00,419,65.67,2.45,1.85
18-February-2019,98.00,98.00,94.30,96.50,96.339590443686006825,586,19,56455.00,370,63.14,3.70,-1.50
15-February-2019,98.40,98.40,95.50,95.60,96.336477987421383647,318,18,30635.00,275,86.48,2.90,-2.80
14-February-2019,98.00,99.50,96.50,97.90,97.534205829863176680,1681,55,163955.00,471,28.02,3.00,-0.10
13-February-2019,100.00,100.00,98.45,99.45,98.719367588932806324,1012,37,99904.00,439,43.38,1.55,-0.55
12-February-2019,99.65,100.50,97.50,98.05,98.765376984126984126,2016,56,199111.00,1266,62.80,3.00,-1.60
11-February-2019,100.00,107.00,98.45,99.15,99.527633443552196504,2117,66,210700.00,1129,53.33,8.55,-0.85
8-February-2019,99.00,102.80,97.00,100.95,100.383794274623968947,2061,67,206891.00,1000,48.52,5.80,1.95
7-February-2019,97.50,104.00,97.50,99.25,101.061198738170347003,3170,72,320364.00,1800,56.78,6.50,1.75
6-February-2019,103.60,107.10,99.20,99.95,101.190708130385912326,2669,102,270078.00,1851,69.35,7.90,-3.65
5-February-2019,104.15,107.00,104.15,105.65,104.981327800829875518,964,40,101202.00,518,53.73,2.85,1.50
4-February-2019,111.55,112.60,105.50,106.90,108.224337185588035350,1471,64,159198.00,945,64.24,7.10,-4.65
1-February-2019,113.45,114.00,108.00,108.95,111.167447965497843615,5333,108,592856.00,2801,52.52,6.00,-4.50
31-January-2019,116.20,117.95,115.60,115.70,116.437665782493368700,754,33,87794.00,459,60.88,2.35,-0.50
30-January-2019,115.50,119.40,112.00,117.70,116.977478580171358629,4085,100,477853.00,1552,37.99,7.40,2.20
29-January-2019,117.00,117.15,115.50,116.35,116.579162410623084780,979,32,114131.00,584,59.65,1.65,-0.65
28-January-2019,119.05,119.05,112.00,116.65,116.511921458625525946,1426,52,166146.00,382,26.79,7.05,-2.40
25-January-2019,125.80,125.80,118.30,119.95,120.923316062176165803,965,52,116691.00,451,46.74,7.50,-5.85
24-January-2019,128.00,128.00,121.00,122.25,122.196428571428571428,2240,74,273720.00,1300,58.04,7.00,-5.75
23-January-2019,122.00,123.15,121.50,121.75,122.298765432098765432,405,19,49531.00,161,39.75,1.65,-0.25
22-January-2019,122.05,123.00,120.10,121.15,121.558998808104886769,839,34,101988.00,462,55.07,2.90,-0.90
21-January-2019,122.15,123.60,122.00,122.65,122.944717444717444717,814,27,100077.00,440,54.05,1.60,0.50
18-January-2019,121.15,127.70,121.15,123.15,124.258050286722540802,2267,94,281693.00,961,42.39,6.55,2.00
17-January-2019,122.25,125.45,122.25,124.75,124.196162046908315565,1407,54,174744.00,797,56.65,3.20,2.50
16-January-2019,118.80,125.65,118.80,124.25,124.357691289383108287,3777,104,469699.00,2329,61.66,6.85,5.45
15-January-2019,119.15,121.75,119.15,121.35,121.203703703703703703,756,41,91630.00,270,35.71,2.60,2.20
14-January-2019,119.60,121.65,118.10,119.75,119.556495979686838764,2363,59,282512.00,1319,55.82,3.55,0.15
11-January-2019,123.90,123.95,119.40,122.25,120.651376146788990825,872,50,105208.00,452,51.83,4.55,-1.65
10-January-2019,122.00,122.00,119.50,120.65,121.285373608903020667,1258,44,152577.00,580,46.10,2.50,-1.35
9-January-2019,125.50,125.50,118.00,120.75,120.830694275274056029,4105,124,496010.00,1520,37.03,7.50,-4.75
8-January-2019,124.95,125.00,120.00,121.85,122.053949903660886319,1038,44,126692.00,572,55.11,5.00,-3.10
7-January-2019,123.60,123.85,122.15,122.40,123.066543438077634011,541,34,66579.00,227,41.96,1.70,-1.20
4-January-2019,123.65,125.00,122.55,123.70,123.353606789250353606,1414,45,174422.00,787,55.66,2.45,0.05
3-January-2019,126.30,126.70,122.00,122.40,123.813528336380255941,547,28,67726.00,209,38.21,4.70,-3.90
2-January-2019,124.50,126.00,124.50,125.25,125.270361990950226244,884,30,110739.00,364,41.18,1.50,0.75
1-January-2019,122.70,125.50,122.70,124.45,123.900380710659898477,1576,60,195267.00,638,40.48,2.80,1.75
31-December-2018,123.50,123.50,121.00,122.40,122.455555555555555555,2520,59,308588.00,1602,63.57,2.50,-1.10
28-December-2018,122.00,124.30,121.00,123.00,122.057482656095143706,1009,26,123156.00,619,61.35,3.30,1.00
27-December-2018,118.15,122.50,118.15,119.90,120.927574750830564784,3010,80,363992.00,1448,48.11,4.35,1.75
26-December-2018,118.30,121.75,116.50,121.45,119.471590909090909090,880,31,105135.00,531,60.34,5.25,3.15
24-December-2018,126.00,126.00,119.00,120.00,121.508474576271186440,2891,106,351281.00,1274,44.07,7.00,-6.00
21-December-2018,128.50,129.50,126.80,127.30,127.763986013986013986,572,23,73081.00,227,39.69,2.70,-1.20
20-December-2018,131.70,132.00,124.20,126.85,129.228555917480998914,1842,65,238039.00,618,33.55,7.80,-4.85
19-December-2018,123.20,129.00,123.20,127.50,127.434579010191901570,10891,105,1387890.00,4843,44.47,5.80,4.30
18-December-2018,125.70,129.00,124.25,125.40,126.415055951169888097,1966,55,248532.00,1028,52.29,4.75,-0.30
17-December-2018,126.50,126.50,124.55,126.00,125.852830188679245283,265,12,33351.00,86,32.45,1.95,-0.50
14-December-2018,124.25,126.95,124.25,125.10,125.871882086167800453,882,30,111019.00,132,14.97,2.70,0.85
13-December-2018,126.80,129.00,125.05,125.40,126.456840869054609512,1703,51,215356.00,1026,60.25,3.95,-1.40
12-December-2018,121.75,123.10,117.00,121.70,121.342105263157894736,2736,81,331992.00,1356,49.56,6.10,-0.05
11-December-2018,115.70,120.70,115.70,119.75,118.449910017996400719,1667,52,197456.00,767,46.01,5.00,4.05
10-December-2018,116.50,120.70,116.00,118.70,117.877478753541076487,1412,61,166443.00,516,36.54,4.70,2.20
7-December-2018,125.00,125.00,118.90,119.70,120.299277243702196337,14251,105,1714385.00,9054,63.53,6.10,-5.30
6-December-2018,123.80,124.90,122.20,123.50,123.721102863202545068,943,28,116669.00,516,54.72,2.70,-0.30
5-December-2018,123.15,127.00,123.15,125.10,125.716033202271734381,2289,67,287764.00,909,39.71,3.85,1.95
4-December-2018,126.00,126.00,124.85,125.30,125.438407019912251096,2963,35,371674.00,1927,65.04,1.15,-0.70
3-December-2018,126.85,127.40,125.05,126.00,126.259057265290222049,2567,47,324107.00,1767,68.84,2.35,-0.85
30-November-2018,125.05,127.70,124.05,125.85,126.084541062801932367,2070,62,260995.00,694,33.53,3.65,0.80
29-November-2018,127.00,127.60,120.55,123.60,123.933772652388797364,3035,82,376139.00,1411,46.49,7.05,-3.40
28-November-2018,129.20,129.20,124.65,125.85,127.589337175792507204,2082,43,265641.00,534,25.65,4.55,-3.35
27-November-2018,131.80,132.05,128.00,129.95,130.209094962104324565,2243,46,292059.00,1993,88.85,4.05,-1.85
26-November-2018,135.40,136.35,130.05,131.55,133.136363636363636363,1496,53,199172.00,526,35.16,6.30,-3.85
22-November-2018,134.95,137.10,132.90,134.55,134.951657458563535911,2172,63,293115.00,745,34.30,4.20,-0.40
21-November-2018,135.15,137.50,133.25,134.15,135.567088607594936708,1580,54,214196.00,701,44.37,4.25,-1.00
20-November-2018,137.90,138.20,134.00,134.40,135.953697749196141479,3110,97,422816.00,1576,50.68,4.20,-3.50
19-November-2018,131.00,142.80,125.20,138.15,137.088685015290519877,12099,230,1658636.00,4481,37.04,17.60,7.15
16-November-2018,130.00,132.00,129.00,129.80,130.267454954954954954,1776,54,231355.00,855,48.14,3.00,-0.20
15-November-2018,133.10,133.10,130.25,130.85,131.474801812004530011,3532,74,464369.00,1495,42.33,2.85,-2.25
14-November-2018,131.15,134.65,131.15,133.10,133.342640606302353410,2507,76,334290.00,700,27.92,3.50,1.95
13-November-2018,135.05,136.05,129.95,131.95,132.931127012522361359,2236,55,297234.00,776,34.70,6.10,-3.10
12-November-2018,139.10,139.35,133.00,134.55,136.498664571877454831,6365,170,868814.00,2712,42.61,6.35,-4.55
9-November-2018,130.00,138.40,129.30,136.15,134.353082603469002232,5823,185,782338.00,2453,42.13,9.10,6.15
7-November-2018,128.00,130.40,128.00,129.65,129.143119266055045871,545,25,70383.00,396,72.66,2.40,1.65
6-November-2018,126.95,130.30,124.90,126.10,126.848063094409649733,4311,146,546842.00,1422,32.99,5.40,-0.85
5-November-2018,124.35,126.00,122.95,125.40,124.597272074659009332,2786,77,347128.00,589,21.14,3.05,1.05
2-November-2018,126.75,131.90,124.00,124.60,127.270663265306122448,7840,260,997802.00,3073,39.20,7.90,-2.15
1-November-2018,125.00,127.10,121.00,122.75,124.312300828553218610,3138,80,390092.00,924,29.45,6.10,-2.25
31-October-2018,124.10,124.70,120.55,121.60,122.103808353808353808,4884,97,596355.00,2368,48.48,4.15,-2.50
30-October-2018,120.00,123.80,119.00,121.40,122.011467444120505344,5145,134,627749.00,2321,45.11,4.80,1.40
29-October-2018,118.85,121.70,117.15,119.65,118.885182311869666408,1289,63,153243.00,376,29.17,4.55,0.80
26-October-2018,117.00,118.95,114.55,116.10,117.228227387286474376,3571,103,418622.00,1313,36.77,4.40,-0.90
25-October-2018,112.15,118.05,108.00,116.35,114.489633687828982704,9309,296,1065784.00,3296,35.41,10.05,4.20
24-October-2018,115.00,117.30,112.95,114.90,114.868930266520627966,2739,85,314626.00,680,24.83,4.35,-0.10
23-October-2018,106.15,114.50,106.15,112.10,111.665017211703958691,4648,132,519019.00,2014,43.33,8.35,5.95
22-October-2018,118.00,118.65,114.20,115.05,115.831766452251360712,2021,70,234096.00,982,48.59,4.45,-2.95
19-October-2018,120.00,122.50,113.00,114.75,116.783407004420265215,2941,95,343460.00,1323,44.98,9.50,-5.25
17-October-2018,130.00,131.00,118.10,119.45,123.357361026267562614,3274,119,403872.00,1560,47.65,12.90,-10.55
16-October-2018,117.00,130.00,115.00,127.35,124.788461538461538461,11128,324,1388646.00,3981,35.77,15.00,10.35
15-October-2018,115.45,117.40,113.50,115.15,115.110178384050367261,2859,120,329100.00,1120,39.17,3.90,-0.30
12-October-2018,118.00,118.00,109.35,112.05,111.922729836435420191,3546,117,396878.00,1415,39.90,8.65,-5.95
11-October-2018,104.90,110.95,100.20,107.65,105.782293497363796133,4552,148,481521.00,1827,40.14,10.75,2.75
10-October-2018,104.00,112.80,103.60,109.50,109.417738891748155772,5829,213,637796.00,2478,42.51,9.20,5.50
9-October-2018,107.75,109.55,100.20,101.40,103.772169811320754716,6360,222,659991.00,2675,42.06,9.35,-6.35
8-October-2018,115.00,115.00,106.00,107.60,110.963730569948186528,4632,174,513984.00,2151,46.44,9.00,-7.40
5-October-2018,117.50,120.10,113.70,115.25,117.197631686402613311,4898,195,574034.00,2551,52.08,6.40,-2.25
4-October-2018,116.00,119.95,116.00,117.75,118.125973106864826610,2826,101,333824.00,1340,47.42,3.95,1.75
3-October-2018,122.95,123.25,119.05,120.10,121.960000000000000000,3150,114,384174.00,1740,55.24,4.20,-2.85
1-October-2018,123.60,127.40,118.80,120.65,121.349232683533803401,4822,199,585146.00,2080,43.14,8.60,-2.95
28-September-2018,146.00,146.00,122.05,127.15,133.997022380174815099,10411,298,1395043.00,4402,42.28,23.95,-18.85
27-September-2018,132.50,135.70,130.00,132.40,133.102811950790861159,3414,129,454413.00,1502,44.00,5.70,-0.10
26-September-2018,131.00,132.00,127.75,130.05,130.095992544268406337,1073,57,139593.00,393,36.63,4.25,-0.95
25-September-2018,130.00,132.05,125.65,127.90,128.277271543868784170,7682,223,985426.00,4230,55.06,6.40,-2.10
24-September-2018,134.90,138.90,122.90,128.80,128.565374548173999750,8023,250,1031480.00,4504,56.14,16.00,-6.10
21-September-2018,138.00,139.35,128.00,131.45,134.140865892291446673,4735,165,635157.00,2199,46.44,11.35,-6.55
19-September-2018,140.15,145.00,136.55,137.10,139.244674376141205112,3286,121,457558.00,1604,48.81,8.45,-3.05
18-September-2018,140.50,141.90,137.80,138.05,139.552456554387470499,4661,145,650454.00,2811,60.31,4.10,-2.45
17-September-2018,141.00,143.45,139.35,141.50,141.825440718976840649,2893,74,410301.00,1896,65.54,4.10,0.50
14-September-2018,141.80,145.25,141.10,142.20,143.311861743912018853,3819,114,547308.00,2617,68.53,4.15,0.40
12-September-2018,145.20,147.45,141.80,144.60,144.006354970494779845,2203,76,317246.00,1110,50.39,5.65,-0.60
11-September-2018,150.00,150.00,145.80,146.50,147.643396226415094339,2120,77,313004.00,1274,60.09,4.20,-3.50
10-September-2018,152.50,152.50,145.45,148.30,148.522578534031413612,3056,120,453885.00,1891,61.88,7.05,-4.20
7-September-2018,146.90,153.65,146.90,150.60,151.292730085073472544,2586,87,391243.00,1110,42.92,6.75,3.70
6-September-2018,157.45,157.45,148.10,152.25,151.963616907437132156,1869,54,284020.00,1270,67.95,9.35,-5.20
5-September-2018,151.90,156.00,149.10,152.00,152.920385395537525354,1972,82,301559.00,780,39.55,6.90,0.10
4-September-2018,155.05,159.00,155.00,155.00,156.982642998027613412,2535,75,397951.00,1846,72.82,4.00,-0.05
3-September-2018,161.20,163.40,159.00,160.00,160.679468242245199409,3385,103,543900.00,1612,47.62,4.40,-1.20
31-August-2018,160.00,164.25,159.55,161.05,162.439200537453812562,5954,217,967163.00,1799,30.21,4.70,1.05
30-August-2018,158.00,161.50,158.00,159.25,159.027688603531300160,2492,84,396297.00,1327,53.25,3.50,1.25
29-August-2018,159.50,160.40,156.00,156.80,157.448746461787302871,9892,242,1557483.00,4414,44.62,4.40,-2.70
28-August-2018,162.05,162.05,157.25,158.30,159.818544809228039041,2254,83,360231.00,804,35.67,4.80,-3.75
27-August-2018,161.00,165.15,160.15,162.05,163.022202486678507992,2252,101,367126.00,1121,49.78,5.00,1.05
24-August-2018,161.00,166.45,160.25,161.30,162.522421142369991474,5865,227,953194.00,1716,29.26,6.20,0.30
23-August-2018,161.00,162.95,158.35,161.25,160.795622019939315127,4614,167,741911.00,1668,36.15,4.60,0.25
21-August-2018,148.55,164.85,147.00,160.25,158.620624219725343320,20025,594,3176378.00,5147,25.70,17.85,11.70
20-August-2018,154.05,155.05,150.05,151.50,152.415369649805447470,4112,127,626732.00,2339,56.88,5.00,-2.55
17-August-2018,157.00,157.00,152.80,153.40,154.665790626368812965,2283,101,353102.00,1057,46.30,4.20,-3.60
16-August-2018,155.90,157.90,153.60,155.45,155.661496965610249494,2966,109,461692.00,1282,43.22,4.30,-0.45
14-August-2018,158.00,158.00,154.10,155.20,155.115670716588147780,8066,149,1251163.00,5967,73.98,3.90,-2.80
13-August-2018,157.00,157.65,152.15,154.60,155.763860369609856262,4383,180,682713.00,1590,36.28,5.50,-2.40
10-August-2018,136.50,168.95,136.50,157.00,158.937484647506755097,16284,416,2588138.00,6929,42.55,32.45,20.50
9-August-2018,166.80,172.00,160.20,170.30,168.714989259705558757,19087,458,3220263.00,7957,41.69,11.80,3.50
8-August-2018,164.95,168.80,161.00,166.35,165.135042200687714910,6398,278,1056534.00,2419,37.81,7.80,1.40
7-August-2018,169.00,169.95,162.05,162.75,165.628023163392755762,8807,276,1458686.00,3122,35.45,7.90,-6.25
6-August-2018,167.75,174.70,165.75,166.60,170.200217488645813343,15633,433,2660740.00,6148,39.33,8.95,-1.15
3-August-2018,156.70,168.00,155.85,166.15,163.514556925392139839,17277,370,2825041.00,9204,53.27,12.15,9.45
2-August-2018,154.85,155.50,152.00,154.55,153.695464982778415614,3484,115,535475.00,1309,37.57,3.50,-0.30
1-August-2018,157.15,159.60,154.00,155.60,156.636524196397032850,8493,207,1330314.00,2828,33.30,5.60,-1.55
31-July-2018,156.95,159.00,154.70,157.15,157.166055045871559633,7630,242,1199177.00,3114,40.81,4.30,0.20
30-July-2018,147.30,158.45,147.25,155.35,153.862685873605947955,12912,372,1986675.00,5363,41.54,11.20,8.05
27-July-2018,149.00,149.00,146.70,148.25,148.002681684097613301,3729,137,551902.00,1863,49.96,2.30,-0.75
26-July-2018,144.85,149.70,142.85,146.00,146.962941517081644470,6908,225,1015220.00,2742,39.69,6.85,1.15
25-July-2018,142.50,144.75,140.55,142.85,142.758561189275285372,7534,186,1075543.00,2043,27.12,4.20,0.35
24-July-2018,130.55,143.10,130.15,139.00,138.185275645498953244,14330,468,1980195.00,3362,23.46,12.95,8.45
23-July-2018,130.10,132.00,127.00,129.45,129.859948632723976431,6619,231,859543.00,2579,38.96,5.00,-0.65
20-July-2018,135.45,137.85,128.00,129.00,132.127156549520766773,9390,282,1240674.00,5887,62.69,9.85,-6.45
19-July-2018,141.25,143.95,135.45,135.75,138.900255252307088160,5093,122,707419.00,3828,75.16,8.50,-5.50
18-July-2018,149.85,149.85,141.35,144.65,145.276945560833028863,2737,87,397623.00,1632,59.63,8.50,-5.20
17-July-2018,147.90,148.80,145.20,146.50,146.508064516129032258,1984,50,290672.00,1036,52.22,3.60,-1.40
16-July-2018,151.80,151.80,145.10,145.50,148.349544072948328267,2632,90,390456.00,1813,68.88,6.70,-6.30
13-July-2018,162.00,162.00,150.10,151.75,153.743185947910357359,3302,126,507660.00,1470,44.52,11.90,-10.25
12-July-2018,160.00,162.55,158.05,159.20,159.966756142886640512,4843,107,774719.00,957,19.76,4.50,-0.80
11-July-2018,163.75,171.90,158.10,159.90,162.820558420771829983,11246,353,1831080.00,3540,31.48,13.80,-3.85
10-July-2018,149.10,164.25,147.55,162.45,160.296758336038584612,21563,464,3456479.00,5817,26.98,16.70,13.35
9-July-2018,148.00,150.50,147.35,149.00,149.491905354919053549,3212,65,480168.00,1858,57.85,3.15,1.00
6-July-2018,148.00,149.00,145.40,147.05,147.687726225732148733,3039,76,448823.00,1860,61.20,3.60,-0.95
5-July-2018,150.00,151.30,146.60,147.30,148.086800205444273240,1947,74,288325.00,1104,56.70,4.70,-2.70
4-July-2018,146.90,151.75,146.90,150.15,149.788978025810952214,2867,78,429445.00,1745,60.87,4.85,3.25
3-July-2018,148.75,150.60,148.40,149.55,149.431533006001091107,1833,71,273908.00,981,53.52,2.20,0.80
2-July-2018,156.65,156.65,150.00,150.55,151.864391691394658753,3370,139,511783.00,1279,37.95,6.65,-6.10
29-June-2018,149.00,158.20,149.00,154.45,155.198380566801619433,3211,127,498342.00,1285,40.02,9.20,5.45
28-June-2018,160.00,160.00,152.10,152.80,155.807501488390553681,5039,181,785114.00,2697,53.52,7.90,-7.20
27-June-2018,163.10,168.90,158.40,159.05,162.972376543209876543,6480,194,1056061.00,3420,52.78,10.50,-4.05
26-June-2018,166.15,171.15,166.15,166.75,167.753781004234724742,3306,123,554594.00,1504,45.49,5.00,0.60
25-June-2018,172.00,175.70,169.00,170.20,172.213014460511679644,3596,121,619278.00,1798,50.00,6.70,-1.80
22-June-2018,172.65,177.80,172.65,173.75,174.915355569540591567,6356,172,1111762.00,2094,32.95,5.15,1.10
21-June-2018,177.40,177.55,174.55,174.85,175.731976251060220525,3537,112,621564.00,1186,33.53,3.00,-2.55
20-June-2018,179.00,181.00,176.05,177.10,178.513221153846153846,2496,104,445569.00,1210,48.48,4.95,-1.90
19-June-2018,176.00,183.70,176.00,177.90,179.275817831943553559,4677,202,838473.00,1608,34.38,7.70,1.90
18-June-2018,181.90,181.90,176.25,177.50,178.384628700017310022,5777,136,1030528.00,4564,79.00,5.65,-4.40
15-June-2018,178.55,186.00,177.55,181.45,182.198648322471638909,4143,160,754849.00,1499,36.18,8.45,2.90
14-June-2018,180.45,182.20,180.00,181.10,181.339586339586339586,2079,70,377005.00,1093,52.57,2.20,0.65
13-June-2018,185.30,188.15,180.80,181.95,183.969473684210526315,4750,180,873855.00,2497,52.57,7.35,-3.35
12-June-2018,182.65,190.90,182.00,187.60,187.441877934272300469,5325,262,998128.00,1342,25.20,8.90,4.95
11-June-2018,182.20,186.85,181.15,183.25,184.727994705493050959,3022,127,558248.00,1571,51.99,5.70,1.05
8-June-2018,184.10,186.95,182.25,184.35,184.257328990228013029,2456,95,452536.00,1151,46.86,4.70,0.25
7-June-2018,178.25,193.00,178.25,186.30,186.762534567752795479,8317,289,1553304.00,2460,29.58,14.75,8.05
6-June-2018,176.05,181.00,174.35,179.30,178.397567660157588215,5838,169,1041485.00,3231,55.34,6.65,3.25
5-June-2018,185.00,185.00,176.45,177.65,179.942753623188405797,5520,196,993284.00,3160,57.25,8.55,-7.35
4-June-2018,191.00,193.00,185.20,187.10,188.808627450980392156,2550,99,481462.00,1067,41.84,7.80,-3.90
1-June-2018,197.00,197.00,188.10,189.30,192.401193633952254641,6032,190,1160564.00,1474,24.44,8.90,-7.70
31-May-2018,209.90,211.00,194.05,196.00,200.268918789960874129,10479,361,2098618.00,5426,51.78,16.95,-13.90
30-May-2018,210.00,224.80,207.25,208.50,210.876726493832631656,13539,336,2855060.00,5332,39.38,17.55,-1.50
29-May-2018,209.00,212.50,202.80,204.30,207.364705293705593915,19986,503,4144391.00,3273,16.38,9.70,-4.70
28-May-2018,202.00,211.70,201.00,205.00,205.591041464429344057,14422,446,2965034.00,4547,31.53,10.70,3.00
25-May-2018,187.00,203.00,186.00,198.75,196.584316495937831155,14155,525,2782651.00,4443,31.39,17.00,11.75
24-May-2018,186.00,189.00,184.10,185.10,186.232037193575655114,4732,192,881250.00,1749,36.96,4.90,-0.90
23-May-2018,187.95,191.90,185.00,186.10,187.476057647605764760,6453,275,1209783.00,2788,43.20,6.90,-1.85
22-May-2018,189.00,190.10,185.25,187.20,187.526477832512315270,4872,206,913629.00,1813,37.21,4.85,-1.80
21-May-2018,197.20,198.00,185.00,187.70,190.062945290541865481,15299,376,2907773.00,8939,58.43,13.00,-9.50
18-May-2018,203.65,205.50,197.65,198.20,201.293596340766152086,3498,153,704125.00,1717,49.09,7.85,-5.45
17-May-2018,201.20,208.00,201.20,205.10,205.157912373293122225,11937,263,2448970.00,7315,61.28,6.80,3.90
16-May-2018,202.25,208.00,200.00,200.75,201.577734815530852263,6207,213,1251193.00,2246,36.18,8.00,-1.50
15-May-2018,200.60,215.00,200.55,202.20,206.186440677966101694,7847,291,1617945.00,2924,37.26,14.45,1.60
14-May-2018,210.75,213.00,206.45,208.75,209.197224791859389454,5405,189,1130711.00,2864,52.99,6.55,-2.00
11-May-2018,219.00,219.00,211.70,214.45,215.277766817912803314,5069,168,1091243.00,2774,54.72,7.30,-4.55
10-May-2018,215.90,221.00,215.90,216.95,218.566181048437305441,8031,287,1755305.00,3803,47.35,5.10,1.05
9-May-2018,215.85,220.85,213.95,216.05,216.932941057116769808,9857,254,2138308.00,3941,39.98,6.90,0.20
8-May-2018,222.00,222.00,215.00,215.60,217.425252216447569550,6542,198,1422396.00,2762,42.22,7.00,-6.40
7-May-2018,214.45,224.35,207.50,220.00,218.115436905203312322,16182,642,3529544.00,4205,25.99,16.85,5.55
4-May-2018,208.00,216.40,206.30,209.65,211.882378553212664054,16077,489,3406433.00,5038,31.34,10.10,1.65
3-May-2018,223.75,223.75,207.00,208.70,211.950712874459336786,18727,615,3969201.00,8693,46.42,16.75,-15.05
2-May-2018,229.75,235.00,222.20,224.75,228.246611695573879253,10551,342,2408230.00,4501,42.66,12.80,-5.00
30-April-2018,229.50,236.70,226.30,227.80,230.458143074581430745,6570,243,1514110.00,3511,53.44,10.40,-1.70
27-April-2018,240.00,240.25,230.00,232.65,235.354825661354259364,12361,358,2909221.00,6554,53.02,10.25,-7.35
26-April-2018,241.65,241.85,237.00,237.15,238.982795698924731182,5580,170,1333524.00,2904,52.04,4.85,-4.50
25-April-2018,241.85,246.90,240.00,241.65,243.165641376167691957,8778,299,2134508.00,3987,45.42,6.90,-0.20
24-April-2018,241.50,245.00,241.00,241.85,242.627683080808080808,6336,198,1537289.00,2624,41.41,4.00,0.35
23-April-2018,240.00,250.00,237.85,242.50,245.570077676460655184,11844,514,2908532.00,4017,33.92,12.15,2.50
20-April-2018,242.75,242.80,240.10,241.70,241.486607979022288818,5339,173,1289297.00,2958,55.40,2.70,-1.05
19-April-2018,249.00,250.00,241.85,243.15,243.744179562247316325,7173,244,1748377.00,3386,47.20,8.15,-5.85
18-April-2018,250.30,251.75,245.00,245.35,248.246989432292946669,8138,299,2020234.00,4373,53.74,6.75,-4.95
17-April-2018,253.35,253.45,249.90,250.35,251.462238398544131028,6594,194,1658142.00,2300,34.88,3.55,-3.00
16-April-2018,250.00,253.70,248.00,250.50,250.992611224650212230,6361,202,1596564.00,3392,53.32,5.70,0.50
13-April-2018,257.00,261.00,253.00,254.05,256.836421832884097035,5936,200,1524581.00,2182,36.76,8.00,-2.95
12-April-2018,258.60,260.00,255.00,255.30,256.929319371727748691,3438,128,883323.00,1225,35.63,5.00,-3.30
11-April-2018,259.00,259.00,255.50,256.20,257.175071633237822349,3490,120,897541.00,1640,46.99,3.50,-2.80
10-April-2018,264.00,264.00,256.10,257.00,259.742656112576956904,5685,197,1476637.00,2209,38.86,7.90,-7.00
9-April-2018,257.40,263.95,256.05,260.15,260.122491790468571215,214994,351,55924775.00,117082,54.46,7.90,2.75
6-April-2018,259.80,259.80,254.30,255.80,256.720557308096740273,7608,188,1953130.00,2482,32.62,5.50,-4.00
5-April-2018,259.80,265.00,255.00,257.90,258.907470163547959334,20361,567,5271615.00,4016,19.72,10.00,-1.90
4-April-2018,255.00,264.20,252.00,253.10,257.689191776101688426,26119,469,6730584.00,13874,53.12,12.20,-1.90
3-April-2018,251.00,255.00,249.50,253.05,252.495156014091595369,15896,453,4013663.00,2446,15.39,5.50,2.05
2-April-2018,246.45,268.55,244.15,252.90,256.886339138141662873,41747,2101,10724234.00,9943,23.82,24.40,6.45
28-March-2018,253.00,253.00,243.65,245.70,248.105954676952748312,8296,300,2058287.00,4453,53.68,9.35,-7.30
27-March-2018,258.00,261.60,252.20,253.20,256.209203238176395398,11735,345,3006615.00,4395,37.45,9.40,-4.80
26-March-2018,261.00,262.75,247.00,250.65,252.282916093535075653,18175,450,4585242.00,11949,65.74,15.75,-10.35
23-March-2018,265.10,265.10,256.55,258.85,258.322461862177801157,24713,366,6383923.00,19621,79.40,8.55,-6.25
22-March-2018,275.65,277.00,268.00,268.80,271.384438921812272987,15693,398,4258836.00,7039,44.85,9.00,-6.85
21-March-2018,278.00,283.55,274.60,275.20,277.981250000000000000,8800,233,2446235.00,5734,65.16,8.95,-2.80
20-March-2018,274.00,280.00,265.05,275.75,276.420317322792007364,18467,389,5104654.00,12039,65.19,14.95,1.75
19-March-2018,283.70,283.70,275.05,276.10,277.546875000000000000,9664,307,2682213.00,4582,47.41,8.65,-7.60
16-March-2018,284.00,285.90,280.15,281.85,282.981523444308872232,11474,342,3246930.00,4576,39.88,5.75,-2.15
15-March-2018,277.80,291.00,277.80,282.15,285.539897013388259526,24275,770,6931481.00,8995,37.05,13.20,4.35
14-March-2018,281.50,281.50,275.65,278.90,278.717039504997620180,12606,257,3513507.00,8140,64.57,5.85,-2.60
13-March-2018,276.95,284.35,275.10,279.90,280.507260469337482172,15426,480,4327105.00,7785,50.47,9.25,2.95
12-March-2018,283.60,283.80,275.30,276.95,278.677661571466881201,11187,350,3117567.00,4784,42.76,8.50,-6.65
9-March-2018,284.40,284.80,278.10,279.10,281.819517604657610202,14428,348,4066092.00,6442,44.65,6.70,-5.30
8-March-2018,288.75,288.75,276.05,281.10,280.538319397607058714,21647,644,6072813.00,9557,44.15,12.70,-7.65
7-March-2018,289.95,292.15,281.00,282.20,285.609547376018146200,19398,644,5540254.00,7172,36.97,11.15,-7.75
6-March-2018,301.05,303.00,286.00,289.95,294.634003091190108191,16175,491,4765705.00,9254,57.21,17.00,-11.10
5-March-2018,300.00,304.20,296.00,298.10,298.672982562089529704,13247,547,3956521.00,5343,40.33,8.20,-1.90
1-March-2018,303.90,309.40,301.10,302.90,305.655400052812252442,18935,618,5787585.00,5826,30.77,8.30,-1.00
28-February-2018,300.30,313.90,297.50,303.95,305.920456281509395528,39274,1395,12014720.00,8082,20.58,16.40,3.65
27-February-2018,313.00,315.00,300.00,302.90,308.096249962589411306,33413,934,10294420.00,8423,25.21,15.00,-10.10
26-February-2018,315.90,324.40,310.50,311.35,315.950341505262810571,30307,1073,9575507.00,6327,20.88,13.90,-4.55
23-February-2018,320.10,328.80,309.80,311.50,319.758371889203676905,98126,3302,31376610.00,16982,17.31,19.00,-8.60
22-February-2018,277.10,331.70,275.75,321.20,315.868848002570154085,242787,7126,76688850.00,31361,12.92,55.95,44.10
21-February-2018,291.25,294.35,279.20,280.35,282.833642465995407171,22644,645,6404485.00,10869,48.00,15.15,-10.90
20-February-2018,293.05,296.75,288.00,288.35,291.085936235636834439,18537,554,5395860.00,8310,44.83,8.75,-4.70
19-February-2018,307.95,307.95,295.00,296.20,298.621355903223048644,23394,627,6985948.00,12705,54.31,12.95,-11.75
16-February-2018,312.00,318.00,301.65,302.95,305.775072105480016481,24270,1440,7421161.00,12092,49.82,16.35,-9.05
15-February-2018,310.00,314.00,308.00,311.60,311.175212367031453279,26134,950,8132253.00,14148,54.14,6.00,1.60
14-February-2018,317.00,317.00,307.00,309.00,311.460989392287102210,50435,1463,15708535.00,24326,48.23,10.00,-8.00
12-February-2018,326.80,328.70,320.40,321.50,324.086623880488777693,27579,815,8937985.00,13005,47.16,8.30,-5.30
9-February-2018,314.90,331.70,311.60,322.70,322.469152993885088091,49551,1569,15978669.00,12458,25.14,20.10,7.80
8-February-2018,331.90,338.35,321.30,323.75,329.137578981801904171,58083,1654,19117298.00,19446,33.48,17.05,-8.15
7-February-2018,314.90,340.00,312.35,328.80,325.654043793872961857,116957,4166,38087520.00,25248,21.59,27.65,13.90
6-February-2018,291.35,313.50,286.10,308.75,304.152004933222984924,61623,1924,18742759.00,21805,35.38,27.40,17.40
5-February-2018,309.80,323.35,309.75,316.25,312.267545638945233265,34510,716,10776353.00,34510,100.00,13.60,6.45
2-February-2018,326.05,334.85,326.05,326.05,326.836104829054143940,15034,386,4913654.00,15034,100.00,8.80,0.00
1-February-2018,366.90,366.90,343.20,343.20,346.739806011103311849,31342,1057,10867519.00,31342,100.00,23.70,-23.70
31-January-2018,333.95,366.80,333.95,361.25,344.531267497346671012,119661,2323,41226956.00,119661,100.00,32.85,27.30
30-January-2018,351.50,351.50,351.50,351.50,351.499975705748020018,20581,177,7234221.00,20581,100.00,0.00,0.00
29-January-2018,375.00,389.40,369.95,369.95,376.259958426360766802,129890,3159,48872406.00,129890,100.00,19.45,-5.05
25-January-2018,389.40,389.40,389.40,389.40,389.399859943977591036,1428,78,556063.00,1428,100.00,0.00,0.00
24-January-2018,409.85,409.85,409.85,409.85,409.849430113977204559,1667,71,683219.00,1667,100.00,0.00,0.00
23-January-2018,431.40,431.40,431.40,431.40,431.399767914128227444,3447,111,1487035.00,3447,100.00,0.00,0.00
22-January-2018,478.00,479.95,454.10,454.10,465.241624914896217027,171849,4505,79951308.00,171849,100.00,25.85,-23.90
